customer_id,name,email,address
1,Colleen Zavala,shannonbarnes@example.com,"9858 Mullins Walk Suite 412
South Dawnport, OR 15275"
2,Jeffrey Morse Jr.,millsjohn@example.com,"2321 Michael Canyon Suite 899
North Ronald, TX 81728"
3,Joshua Pham,ksharp@example.com,"976 Miller Hill Apt. 512
West Jeffreymouth, OK 59273"
4,Kevin Hunter,simmonsrobin@example.com,"196 Alexander Courts Apt. 718
North Meganborough, MO 89177"
5,Joshua Guerra,rogerhoward@example.com,"5847 Harris Rest
Lake Dianaport, IN 13903"
6,Elizabeth Carpenter,phillipsamy@example.com,"409 Dodson Groves Apt. 190
Cummingsburgh, IN 31157"
7,Christopher Leonard,oneillcory@example.net,"7208 Delgado Glens
South Scott, AZ 39107"
8,Amanda Wells,annettedavis@example.com,"Unit 4837 Box 3062
DPO AA 18646"
9,James Kline,glovertanner@example.com,"43955 Mcguire Port
Carsonville, IN 80226"
10,Carmen Hooper,allengabriela@example.com,"71586 Dalton Shoals
Cameronhaven, NE 59140"
11,Angela Brewer,robert91@example.net,"30538 Burnett Route Suite 500
Reesehaven, AS 61016"
12,Matthew Curtis,joneskaren@example.org,"2217 Timothy Viaduct
Danielsside, OR 28526"
13,Regina Williams,erikapage@example.net,"738 Matthew Hills Apt. 323
North Timothy, MD 98576"
14,Daniel Contreras,kschmidt@example.com,"11747 Bowman Village Suite 662
Monicaport, OR 31049"
15,Sara Perkins,jamesperkins@example.com,"153 Tran Manors Suite 059
Lake Patriciahaven, WA 80756"
16,Jason Pena,hansenjames@example.net,"9749 Hayden Flat Apt. 270
Brownborough, FL 14870"
17,David Carr,vshelton@example.com,"9532 Scott Ports
New Markshire, FM 13218"
18,Jeremy Mcdonald,cfoster@example.org,"943 Jon Island Apt. 950
Lake Richard, MT 80153"
19,Jonathan Murphy,hperez@example.org,"9660 Shawn Shores Apt. 960
Sarahburgh, HI 48124"
20,Ronald Garcia,wmcdonald@example.com,"56195 Banks Brooks
North Ambertown, HI 31690"
21,Kathryn Mitchell,chavezmichael@example.org,"04542 Jessica Greens Suite 026
North Taylorfurt, MO 62912"
22,Michael Owen,emilymartin@example.net,"Unit 8319 Box 5825
DPO AE 45261"
23,Jonathan Mack,eodom@example.com,"6512 Ashley Heights Apt. 974
Port Angelport, TN 33252"
24,Sean Austin,sallyanderson@example.org,"82396 Watts Spring
Chanville, SC 82392"
25,Bobby Miller,jesseduarte@example.net,"761 Aaron Branch Apt. 781
Susanview, WI 70240"
26,Steven Palmer,shanethomas@example.com,"7612 Martinez Radial Suite 604
East Ashleyhaven, TN 93823"
27,Matthew Gutierrez,sandrawest@example.net,"71913 Nicholas Expressway
East Jamiefurt, MH 77042"
28,George Whitehead,christopher90@example.com,"107 Walter Mission Apt. 075
North Anthony, OK 37057"
29,Christina Jacobs,novakvirginia@example.org,"USNS Adams
FPO AE 98755"
30,Tammy Adams,ujones@example.com,"095 Robinson Loop
Kaitlynchester, IN 10348"
31,Lisa Dougherty,xchase@example.com,"748 Alex Manors Suite 892
South Josephville, GA 50015"
32,Scott Williams,mark54@example.org,"595 Martin Court
New Rickfort, IN 20066"
33,Lauren Small,wardkylie@example.net,"491 Shelby Wall Suite 127
East Davidburgh, VT 62621"
34,Billy Williams,suzannejordan@example.net,"1271 Allen Freeway Suite 953
Atkinsbury, VT 50528"
35,Laura Nichols,chendylan@example.com,"70778 Edwards Mall
Derrickton, AK 29568"
36,Joshua Kennedy,haleysimon@example.org,"500 Matthew Mills Suite 228
Jonesville, CA 30810"
37,Andrea Rollins,ubowen@example.com,"38565 Patricia Oval Apt. 270
Riveramouth, CT 24170"
38,Christian Dunn,william21@example.org,"Unit 1175 Box 9268
DPO AA 42853"
39,Claudia Smith,nkirby@example.com,"4690 Bradley Neck
Haydenborough, ID 11907"
40,Kimberly Hart,charles53@example.org,"8912 Michael Bridge
Whitneymouth, PR 55335"
41,Noah White,palmersarah@example.net,"109 Kathy Manors
West Wesley, WV 59898"
42,Olivia Lloyd,pruittkevin@example.net,"223 Suzanne Lights Suite 493
Davisport, MN 64729"
43,Robert Wong,ptaylor@example.net,"9346 Johnson Crossroad
West Julia, OR 82262"
44,John Nguyen,browncristian@example.org,"80380 Garner Branch Suite 234
West Stephanie, MO 10067"
45,Natasha Hill,emmawang@example.net,"514 Julia Knoll Apt. 373
Stacytown, VI 54436"
46,Shelby May,amanda74@example.net,"69801 Kimberly Courts Suite 463
Allisonmouth, ND 54229"
47,Tina Avery,fatkinson@example.com,"6468 Guzman Station
Shanebury, NC 15145"
48,Alyssa Berg,andrea02@example.com,"1611 Robert Underpass
Ryanbury, NE 43099"
49,Angela Williams,zbaird@example.com,"332 Schmitt Locks Suite 619
New Glenn, VT 33148"
50,Robert Mitchell,zbecker@example.com,"238 Jennifer Via
North Adam, IN 91828"
